date,stock_index,open_price,close_price,daily_high,daily_low,trading_volume,gdp_growth_percent,inflation_rate_percent,unemployment_rate_percent,interest_rate_percent,consumer_confidence_index,government_debt_billion_usd,corporate_profits_billion_usd,forex_usd_eur,forex_usd_jpy,crude_oil_price_usd_per_barrel,gold_price_usd_per_ounce,real_estate_index,retail_sales_billion_usd,bankruptcy_rate_percent,mergers_&_acquisitions_deals,venture_capital_funding_billion_usd,consumer_spending_billion_usd,year
2000-01-01,Dow Jones,2128.75,2138.48,2143.7,2100.55,2670411,-0.37,6.06,6.1,6.06,114,27271,1645,1.04,119.87,47.2,1052.34,390.23,2229,2.12,3,76.64,4589,2000
2000-01-02,S&P 500,2046.82,2036.18,2082.83,2009.53,690220415,3.19,4.95,6.62,2.19,101,16160,1008,1.0,98.22,52.84,1957.73,346.23,4156,1.4,21,5.67,10101,2000
2000-01-03,Dow Jones,1987.92,1985.26,2022.28,1978.37,315284661,5.54,9.13,2.6,0.82,92,29962,4562,0.83,80.13,78.8,2339.49,439.46,340,0.79,48,39.43,13665,2000
2000-01-04,Dow Jones,4625.02,4660.47,4665.26,4595.46,13098297,10.0,3.77,2.2,3.71,112,12745,4183,0.95,149.15,28.18,1308.54,213.07,8456,4.22,16,12.83,5192,2000
2000-01-05,S&P 500,1998.18,1982.18,2044.31,1966.44,385306746,1.53,2.2,8.2,4.56,99,22293,3440,1.43,113.71,92.2,2210.08,405.49,1596,2.21,34,86.37,10688,2000
2000-01-06,S&P 500,2087.8,2124.76,2153.1800000000003,2085.1800000000003,82664194,1.42,6.08,3.24,1.09,88,15880,2525,1.39,140.0,60.23,2338.39,441.06,403,0.82,45,96.8,8613,2000
2000-01-07,Dow Jones,4037.59,3996.4,4055.78,3948.97,653722138,7.64,6.24,4.52,8.24,91,17830,3318,0.92,138.8,29.3,1309.15,319.6,4874,9.55,31,32.63,1303,2000
2000-01-08,NASDAQ,2798.96,2826.64,2864.47,2766.89,423890033,7.08,4.39,13.01,3.77,66,20092,2265,1.06,136.86,117.92,896.46,265.51,1011,7.33,37,98.89,3771,2000
2000-01-09,Dow Jones,4106.84,4141.59,4154.46,4062.99,867172199,5.97,4.87,9.42,9.18,92,27069,1113,1.02,112.13,104.95,2358.55,479.46,5193,5.18,30,75.26,13164,2000
2000-01-10,Dow Jones,1261.46,1229.64,1296.14,1195.84,174582201,1.95,9.6,10.24,1.97,98,3940,3306,0.9,142.71,123.15,1361.82,167.59,6147,7.43,24,0.22,13774,2000
2000-01-11,Dow Jones,2950.28,2943.3100000000004,2952.27,2925.4600000000005,320527008,-0.14,7.33,4.44,1.04,54,2045,1972,1.24,105.71,142.1,823.35,114.51,2861,6.11,9,48.58,7649,2000
2000-01-12,Dow Jones,1134.45,1101.0,1176.42,1075.37,715127821,4.13,1.11,12.77,5.08,50,13344,305,1.19,108.59,96.15,1607.36,171.66,705,1.78,48,83.43,7071,2000
2000-01-13,S&P 500,1250.61,1271.27,1293.68,1216.82,90792126,8.14,2.12,13.28,2.3,116,20391,915,1.1,97.9,122.27,996.99,373.38,1138,6.33,1,53.43,8113,2000
2000-01-14,Dow Jones,4625.75,4629.28,4661.11,4577.74,595281205,8.26,9.76,8.8,9.41,73,529,165,1.4,111.37,45.89,2332.89,415.58,506,6.81,26,55.04,225,2000
2000-01-15,NASDAQ,1556.98,1570.51,1581.57,1544.3,866560662,-3.37,7.26,13.86,0.6,78,10163,4145,1.23,149.06,73.35,1063.49,386.73,1171,2.37,11,44.83,5201,2000
2000-01-16,S&P 500,3129.68,3099.33,3163.53,3055.58,415077918,1.43,9.15,12.98,4.42,64,18293,2151,0.98,120.13,88.91,1317.51,267.95,7930,3.2,15,39.56,10713,2000
2000-01-17,NASDAQ,2644.38,2615.55,2682.99,2569.3500000000004,965696140,1.97,3.04,11.51,9.3,53,28836,102,1.06,138.18,90.36,2143.77,487.03,4309,3.83,15,2.84,13591,2000
2000-01-18,NASDAQ,2389.37,2343.52,2413.03,2310.0,3991992,9.66,7.42,11.54,4.15,93,4179,424,0.91,98.43,113.38,2170.79,277.72,6698,6.03,2,62.21,14990,2000
2000-01-19,NASDAQ,4599.33,4581.54,4630.22,4534.98,215525643,5.17,7.14,3.37,1.38,114,15264,704,1.21,146.91,123.47,2332.18,492.52,4721,1.27,24,76.7,11054,2000
2000-01-20,NASDAQ,1087.29,1093.26,1116.08,1067.4,995760162,1.11,2.95,5.52,3.38,80,25604,4991,1.21,80.92,106.69,1645.57,467.25,6188,7.43,17,79.04,7061,2000
2000-01-21,S&P 500,3655.16,3690.95,3735.65,3607.51,992784081,-4.61,5.51,2.87,5.23,69,22031,2682,1.41,145.12,26.14,2477.43,262.86,4543,3.46,38,62.5,3790,2000
2000-01-22,S&P 500,4853.58,4870.27,4895.16,4818.44,349254868,3.48,6.27,2.11,2.26,59,625,2746,1.4,142.86,65.66,1677.52,164.4,1552,6.92,41,34.19,3259,2000
2000-01-23,NASDAQ,3240.67,3234.21,3282.76,3232.11,781089324,-3.56,4.81,4.06,4.93,60,5408,3222,1.39,84.71,94.42,2144.2,135.93,2553,9.33,39,2.36,6242,2000
2000-01-24,NASDAQ,4747.29,4792.6,4832.67,4701.95,695658158,7.52,8.27,13.45,8.45,77,28932,3214,1.18,122.34,86.02,1415.23,312.59,5599,8.7,31,89.59,3697,2000
2000-01-25,S&P 500,1209.03,1230.95,1251.48,1184.81,19640512,6.29,8.33,5.12,8.79,87,7142,3375,1.26,134.97,25.82,2400.2,405.28,5280,7.38,49,42.96,3414,2000
2000-01-26,S&P 500,2675.17,2718.19,2729.69,2652.15,834168124,1.91,8.51,14.61,0.97,73,20142,446,1.34,108.27,147.48,1964.53,170.42,6773,1.93,48,60.16,2677,2000
2000-01-27,S&P 500,2040.63,2043.39,2063.69,2012.31,97750245,1.44,8.03,9.76,2.03,88,9345,4254,0.86,86.43,144.29,931.07,227.28,3087,7.32,2,19.54,12464,2000
2000-01-28,Dow Jones,3923.28,3899.17,3964.59,3891.7,374017896,8.46,4.88,5.08,3.12,100,29309,2827,1.01,138.06,120.59,984.48,352.21,2889,6.36,7,14.28,4485,2000
2000-01-29,Dow Jones,4925.19,4880.469999999999,4936.57,4857.009999999999,67457001,-0.67,3.81,8.46,6.15,99,25025,2658,0.92,112.65,27.2,2314.38,284.35,300,7.73,4,8.77,11190,2000
2000-01-30,Dow Jones,2026.12,2048.73,2074.95,1984.56,447750702,-1.26,8.31,4.85,3.93,56,14148,3489,1.16,98.43,75.93,2176.25,341.55,7925,8.69,19,79.9,3724,2000
2000-01-31,NASDAQ,3616.7,3578.83,3657.0,3578.06,897542344,9.09,4.9,14.79,8.52,117,9432,3543,1.39,84.96,73.27,1361.16,370.55,6300,3.11,43,64.68,10458,2000
2000-02-01,Dow Jones,1792.39,1772.67,1810.06,1759.02,317635926,7.14,2.46,13.01,7.31,102,19145,2354,0.96,124.81,92.54,1686.71,252.28,9074,6.44,24,62.15,1710,2000
2000-02-02,NASDAQ,3261.32,3264.57,3296.6800000000003,3261.2000000000003,835366797,7.31,5.07,2.34,1.45,86,8453,210,1.31,82.96,27.27,2249.67,414.39,2860,2.75,5,91.95,10210,2000
2000-02-03,NASDAQ,2855.73,2862.17,2874.4500000000003,2834.94,328505418,-2.07,1.42,14.32,6.43,103,25366,122,1.08,135.38,75.08,975.83,381.15,5325,3.46,27,15.96,5396,2000
2000-02-04,Dow Jones,4888.02,4898.080000000001,4903.540000000001,4851.6,83911814,-2.85,6.92,11.37,1.57,104,11683,3916,1.43,133.95,118.52,1034.84,375.02,5021,5.21,22,17.11,8509,2000
2000-02-05,NASDAQ,3434.11,3400.74,3473.83,3360.8,869602526,-4.61,3.36,3.07,2.92,80,28717,2063,1.24,102.61,149.74,2016.4,159.79,3813,4.34,23,19.03,4920,2000
2000-02-06,Dow Jones,2398.03,2386.0,2402.98,2338.74,926087447,-1.44,2.61,10.72,2.19,114,11269,4982,1.48,113.06,97.41,939.75,289.69,5752,6.01,9,42.39,13292,2000
2000-02-07,Dow Jones,1456.38,1468.1,1481.67,1425.95,828085337,6.61,9.57,10.41,2.14,108,11431,1807,0.97,126.85,142.28,1399.36,330.87,9230,7.59,9,87.43,2963,2000
2000-02-08,S&P 500,1604.99,1651.97,1694.73,1592.26,642074973,-1.4,7.77,4.84,6.36,96,18577,3182,1.45,147.14,149.81,1228.07,190.55,3216,6.05,32,88.16,11375,2000
2000-02-09,Dow Jones,1901.27,1924.03,1941.35,1855.06,820512481,5.94,7.87,11.86,5.85,98,6387,3915,1.05,116.41,76.52,2092.49,403.43,3717,9.7,8,59.1,4132,2000
2000-02-10,S&P 500,2003.87,2046.13,2094.78,1965.1,299234285,-1.22,6.24,3.13,2.17,67,21528,846,1.24,149.77,106.93,804.16,148.43,5290,7.38,17,65.85,13524,2000
2000-02-11,Dow Jones,4402.46,4428.68,4477.67,4373.74,322996389,0.93,8.39,8.36,9.91,52,26395,614,0.92,102.76,47.72,996.15,159.94,9055,9.85,2,89.79,3953,2000
2000-02-12,Dow Jones,3244.89,3254.06,3267.47,3210.11,112336516,9.75,7.59,2.13,4.51,67,3321,3139,1.33,116.85,81.83,968.31,265.33,2994,7.43,32,62.46,10659,2000
2000-02-13,S&P 500,3093.56,3062.76,3095.61,3016.54,760179396,-1.33,5.99,14.59,1.42,107,20546,2956,1.48,88.09,30.19,1340.73,154.14,9546,5.08,9,23.06,10365,2000
2000-02-14,S&P 500,1459.08,1475.75,1511.0,1423.46,433513212,0.65,9.61,11.77,1.65,74,15254,2441,1.35,118.95,23.79,1195.22,104.66,4719,4.11,26,70.52,490,2000
2000-02-15,Dow Jones,4440.56,4452.900000000001,4475.450000000001,4422.14,396413202,-0.48,1.92,4.07,6.05,67,16525,424,1.23,117.54,136.08,1188.08,264.56,7390,7.36,34,77.01,12442,2000
2000-02-16,NASDAQ,3891.26,3901.51,3906.55,3855.61,931967282,-3.36,9.43,6.44,9.8,101,16718,3462,1.11,139.42,131.59,1429.67,359.42,5288,6.87,17,63.57,14238,2000
2000-02-17,S&P 500,1270.67,1269.65,1306.0500000000002,1267.64,173299941,2.35,4.01,4.09,5.93,92,11921,3590,1.04,149.76,60.57,1163.88,298.06,5066,6.69,6,27.43,14002,2000
2000-02-18,NASDAQ,3831.34,3834.21,3835.77,3812.02,368280027,0.68,5.28,11.97,9.52,116,22078,2607,1.09,149.03,79.4,980.56,120.87,9561,7.22,6,40.05,13851,2000
2000-02-19,NASDAQ,3174.15,3157.59,3217.6600000000003,3137.27,422317180,5.42,1.23,2.77,4.72,56,1895,3278,1.03,96.54,84.17,1791.53,192.99,7640,8.72,21,47.11,14247,2000
2000-02-20,NASDAQ,1326.9,1328.8300000000002,1335.7600000000002,1318.5600000000002,58651049,7.26,5.4,12.93,4.64,93,19851,3424,1.38,103.69,87.69,2417.95,309.74,4293,2.28,9,14.62,4097,2000
2000-02-21,S&P 500,2833.2,2802.96,2839.57,2801.81,676997974,3.16,6.11,14.25,5.25,93,4461,1662,1.43,99.23,37.49,1832.18,395.24,5541,5.65,26,45.28,4346,2000
2000-02-22,NASDAQ,2938.79,2969.31,2978.09,2932.12,705322989,-4.52,9.98,10.8,7.13,100,3114,1644,1.46,93.98,120.76,2086.94,417.57,9004,6.03,44,16.2,14393,2000
2000-02-23,S&P 500,1663.1,1631.6799999999998,1711.11,1598.9499999999998,68204720,4.28,9.75,4.77,3.99,70,15553,3329,1.09,90.51,65.22,2452.7,307.75,8965,2.93,3,50.0,8754,2000
2000-02-24,NASDAQ,4782.79,4741.29,4817.45,4701.18,917879901,-4.17,9.66,6.68,8.71,86,23754,625,1.18,115.82,24.12,1060.38,358.45,4704,9.88,11,5.18,5108,2000
2000-02-25,Dow Jones,4399.9,4393.52,4439.969999999999,4344.11,277488002,4.25,3.48,8.2,0.78,77,18428,4733,1.2,141.07,107.95,1581.68,461.37,9233,7.86,2,94.86,6117,2000
2000-02-26,Dow Jones,3676.09,3691.92,3711.8,3658.77,454777371,5.28,9.91,9.86,4.68,81,5725,1849,1.26,121.29,127.88,1789.14,126.08,1042,3.21,47,24.71,9643,2000
2000-02-27,S&P 500,2849.18,2842.95,2866.0,2812.98,429041376,-2.03,4.55,10.69,5.35,106,12593,4822,0.8,141.09,139.36,1347.59,139.67,4571,3.58,42,46.75,13609,2000
2000-02-28,Dow Jones,2647.06,2624.74,2658.78,2577.88,726822338,7.29,8.52,9.2,6.27,90,15202,940,1.39,147.16,107.67,1842.32,283.14,3843,7.18,2,3.37,9226,2000
2000-02-29,Dow Jones,3603.89,3609.71,3633.74,3595.54,279297464,8.67,2.16,6.57,3.12,103,13189,2365,0.99,106.82,44.87,1860.49,343.89,6383,0.11,24,19.35,13915,2000
2000-03-01,NASDAQ,3181.73,3166.43,3209.32,3130.55,333936018,7.2,5.06,13.58,4.56,76,26856,4788,1.13,138.5,96.67,2231.79,101.85,3936,4.64,25,69.36,9535,2000
2000-03-02,S&P 500,1249.09,1292.38,1323.9699999999998,1211.34,594469609,-0.42,9.66,3.06,5.1,89,8486,812,1.39,83.66,138.53,2215.28,281.02,2528,3.43,39,11.27,3475,2000
2000-03-03,NASDAQ,3050.01,3092.2700000000004,3105.130000000001,3045.5600000000004,820368765,3.8,9.47,8.06,7.03,90,27226,166,1.5,113.68,65.57,1042.29,169.1,9481,8.54,6,62.85,610,2000
2000-03-04,NASDAQ,4225.61,4225.849999999999,4273.28,4182.549999999999,305825400,8.72,6.84,12.08,7.85,119,21766,860,1.36,105.78,143.94,1087.12,358.04,3724,7.91,45,0.31,4968,2000
2000-03-05,NASDAQ,2836.96,2819.75,2845.45,2779.09,320415535,-0.19,7.98,2.79,7.51,73,15160,564,0.82,94.34,32.7,1178.03,207.09,9544,3.32,33,46.55,11896,2000
2000-03-06,NASDAQ,1207.83,1231.54,1279.82,1206.16,728339776,7.3,1.76,11.17,3.75,67,13160,4291,1.06,110.69,114.65,1244.09,460.78,7491,8.65,9,72.16,12053,2000
2000-03-07,NASDAQ,4145.11,4098.78,4145.849999999999,4094.23,79877029,-4.86,7.22,12.66,9.99,105,21317,4603,0.97,111.06,35.59,1759.64,125.54,8027,9.14,2,92.64,12791,2000
2000-03-08,NASDAQ,1805.46,1802.94,1829.52,1800.48,404458248,-4.95,6.18,10.59,8.56,64,7534,3289,1.47,136.6,123.85,1356.73,423.68,2009,5.52,27,49.33,14798,2000
2000-03-09,NASDAQ,2034.48,2018.11,2051.15,2001.37,167771131,6.4,0.92,2.17,2.97,84,26132,4999,0.98,140.82,32.7,2420.04,256.93,2774,1.59,10,84.07,4165,2000
2000-03-10,S&P 500,1658.83,1700.88,1723.34,1633.37,487813508,6.42,1.13,4.34,2.35,76,10137,1567,1.46,125.99,62.34,1001.11,442.86,3424,7.7,31,80.28,3242,2000
2000-03-11,Dow Jones,2320.86,2272.06,2349.3900000000003,2245.44,683933050,6.83,1.08,6.45,3.48,52,14080,4952,1.46,124.34,120.99,1219.02,426.05,5933,3.19,7,29.65,3009,2000
2000-03-12,NASDAQ,4027.01,4032.29,4054.0700000000006,4013.63,684607341,8.95,7.24,5.04,4.8,70,10660,2860,1.39,87.71,79.83,2276.14,195.72,2702,5.27,19,87.49,5313,2000
2000-03-13,NASDAQ,3077.54,3101.61,3122.35,3031.96,103968425,-3.23,1.42,14.51,8.58,88,17980,4556,0.87,120.27,134.75,1793.36,120.23,5897,0.46,4,64.06,2866,2000
2000-03-14,NASDAQ,1819.53,1818.03,1856.17,1799.62,65802593,-1.52,4.68,10.47,7.89,81,26957,1493,0.8,99.21,72.23,1730.63,378.21,254,5.0,40,10.51,12862,2000
2000-03-15,NASDAQ,4511.32,4469.86,4545.61,4467.58,580283044,8.56,3.57,5.86,8.59,99,1704,3793,1.36,100.63,149.34,1810.39,181.76,2774,3.8,12,93.92,1708,2000
2000-03-16,NASDAQ,4518.33,4565.58,4607.24,4503.32,856716960,-2.34,5.51,14.09,3.08,58,10612,4407,1.39,86.63,22.43,1228.85,472.2,4603,6.86,10,17.75,1790,2000
2000-03-17,NASDAQ,4482.31,4484.110000000001,4496.610000000001,4455.75,112593112,5.23,7.06,11.63,6.14,99,24831,1799,1.47,124.51,110.49,2094.46,126.89,1627,0.41,33,47.09,9061,2000
2000-03-18,Dow Jones,1955.18,1966.6,1997.08,1934.77,783125993,2.96,6.85,5.7,3.19,50,24203,1220,0.95,120.87,139.07,1644.1,229.59,725,6.25,43,46.69,327,2000
2000-03-19,Dow Jones,2804.96,2778.62,2834.2200000000003,2764.93,657295964,-3.75,5.16,6.93,1.54,53,4083,1671,1.31,95.42,89.68,872.41,105.06,785,7.72,2,62.56,10686,2000
2000-03-20,NASDAQ,4939.96,4938.31,4958.45,4931.740000000001,223914041,-0.72,4.64,4.59,7.0,53,16756,4973,1.16,98.41,148.51,1101.17,226.81,9757,0.13,14,66.53,7442,2000
2000-03-21,Dow Jones,4088.05,4080.96,4112.35,4040.0,545832152,2.81,3.98,14.62,1.86,83,11831,828,1.03,134.11,112.04,2188.26,316.5,5309,7.5,32,23.37,907,2000
2000-03-22,S&P 500,1108.67,1066.16,1124.36,1016.35,358434805,7.79,8.62,8.72,6.84,76,29050,3604,1.22,135.51,75.84,1386.58,361.95,969,1.3,42,35.31,6460,2000
2000-03-23,NASDAQ,1260.82,1221.4399999999998,1267.91,1204.9599999999998,317188026,5.61,3.31,13.65,6.66,64,8039,715,1.18,114.52,87.0,2114.86,390.57,3177,6.98,9,14.54,647,2000
2000-03-24,S&P 500,2855.73,2889.48,2900.17,2836.65,225886856,4.33,2.59,6.5,8.2,81,12111,470,1.0,90.43,134.07,1927.74,433.38,1004,4.55,2,12.69,12363,2000
2000-03-25,S&P 500,4636.88,4610.86,4642.16,4579.96,815739709,2.44,7.43,13.19,1.83,90,24024,3564,0.99,83.89,144.49,1312.48,144.31,2122,5.52,45,82.52,5616,2000
2000-03-26,NASDAQ,3154.81,3124.31,3188.96,3088.39,430682626,-0.52,3.6,2.7,7.94,110,2538,4827,1.14,99.0,92.27,1015.96,404.75,1342,3.37,47,75.1,10184,2000
2000-03-27,Dow Jones,2991.25,2991.74,3024.78,2971.65,378329550,-3.21,8.47,14.77,9.99,112,25063,4956,1.13,131.18,59.93,2171.81,211.35,2811,2.45,40,44.32,823,2000
2000-03-28,S&P 500,1421.89,1448.76,1496.29,1376.64,791254083,1.14,3.28,13.86,8.58,110,26808,1047,1.01,122.06,51.11,1893.25,155.3,1394,0.71,13,9.68,11353,2000
2000-03-29,NASDAQ,3627.12,3583.31,3663.6,3555.31,335449388,-4.57,7.02,6.72,7.64,63,22810,1219,0.98,130.27,82.02,1311.36,206.26,6037,8.65,32,45.05,10613,2000
2000-03-30,S&P 500,4288.41,4296.09,4298.6900000000005,4265.889999999999,475226213,-1.83,0.45,12.07,6.79,72,8723,1555,1.47,113.02,58.52,1689.57,443.2,9155,6.1,32,29.52,214,2000
2000-03-31,S&P 500,2521.68,2483.6,2565.89,2451.27,824342099,1.49,3.86,11.78,4.51,114,10660,2648,1.4,132.83,74.71,1840.24,350.96,1656,9.83,35,77.81,10542,2000
2000-04-01,S&P 500,4102.45,4056.1,4145.58,4008.46,578975920,1.28,3.43,13.72,7.44,81,19858,2522,1.37,113.66,128.48,803.6,338.95,2402,8.5,22,9.75,6761,2000
2000-04-02,S&P 500,4857.91,4813.18,4880.08,4773.450000000001,693648470,-4.34,8.17,5.99,7.38,90,12022,3711,0.95,85.88,81.36,1939.87,333.85,836,8.7,0,45.19,4135,2000
2000-04-03,Dow Jones,1815.07,1848.49,1877.78,1813.07,741479396,3.84,9.67,8.05,6.5,75,4068,2646,0.93,85.59,103.31,1915.33,263.45,878,5.98,26,59.18,14246,2000
2000-04-04,S&P 500,3093.32,3055.1200000000003,3142.1200000000003,3038.5000000000005,83889149,3.25,4.61,13.24,8.06,97,28001,1440,1.37,138.21,31.71,940.38,266.8,5625,0.81,31,98.57,9440,2000
2000-04-05,S&P 500,2148.55,2103.07,2175.17,2079.54,773567918,-3.83,8.25,12.12,4.76,65,27298,3945,0.93,124.07,119.08,2139.18,159.33,5933,9.13,20,9.05,6551,2000
2000-04-06,S&P 500,4171.42,4165.21,4216.6900000000005,4149.4800000000005,659985095,9.15,7.0,7.12,1.65,80,28514,1618,1.15,99.54,82.78,2202.65,233.05,7625,1.18,43,11.48,13609,2000
2000-04-07,Dow Jones,3310.37,3344.77,3348.92,3275.36,66932792,-3.51,9.67,12.99,5.81,115,25090,2059,0.95,133.0,66.92,1293.28,304.81,9706,5.17,19,98.81,10034,2000
2000-04-08,S&P 500,3538.33,3514.57,3547.88,3473.26,578281956,7.82,8.11,2.61,3.02,81,11814,810,1.06,89.5,99.43,1075.76,342.41,4884,8.57,26,40.62,7782,2000
2000-04-09,S&P 500,4191.66,4183.83,4213.7,4147.26,346079543,-5.0,0.77,12.17,4.15,59,8798,4670,1.4,125.17,33.26,1967.02,128.66,8135,4.72,35,74.4,11252,2000
2000-04-10,Dow Jones,2583.88,2537.87,2613.12,2488.4,742520684,8.23,7.13,4.69,0.67,74,20677,673,1.42,149.26,73.82,1009.7,233.52,4836,1.66,40,78.37,11841,2000
2000-04-11,Dow Jones,4660.36,4655.27,4701.17,4641.639999999999,210065568,-4.7,5.35,5.72,4.14,94,29640,2943,1.5,90.5,125.43,2258.67,235.77,8100,3.73,31,31.52,13282,2000
2000-04-12,Dow Jones,3132.12,3139.88,3189.29,3088.37,381928032,6.37,0.16,8.41,8.18,73,701,607,1.46,89.94,54.07,1616.22,306.03,6690,9.88,38,21.51,4261,2000
2000-04-13,S&P 500,1631.82,1638.91,1658.35,1593.49,858221766,0.43,2.51,7.85,5.66,52,8456,2322,1.27,112.75,138.83,2346.68,384.01,6894,10.0,28,27.68,12595,2000
2000-04-14,Dow Jones,3783.6,3766.84,3785.97,3748.73,960919870,6.07,9.22,8.77,0.59,111,7885,4887,1.1,124.99,98.47,1891.69,354.09,4832,7.11,45,76.46,8569,2000
2000-04-15,Dow Jones,4173.05,4154.6,4213.110000000001,4117.89,88232789,1.03,9.26,9.08,4.96,116,6507,1394,0.84,81.86,90.3,1284.66,328.35,621,8.88,22,84.06,13012,2000
2000-04-16,S&P 500,2267.05,2227.71,2297.27,2222.51,418511556,-3.94,7.99,6.31,3.27,104,2294,1797,1.23,114.98,71.94,1595.66,216.57,5797,0.44,34,69.98,238,2000
2000-04-17,Dow Jones,4428.72,4415.400000000001,4438.650000000001,4375.93,267908397,6.51,9.82,4.28,5.04,59,1908,887,0.95,85.82,116.46,1699.89,435.62,2947,2.76,14,44.18,775,2000
2000-04-18,S&P 500,4624.57,4584.52,4649.31,4557.9,925614420,-3.93,8.07,11.99,4.34,104,1416,3889,1.4,96.89,93.38,2185.77,414.12,4211,3.69,42,26.33,7576,2000
2000-04-19,NASDAQ,2107.62,2134.28,2171.4,2093.01,312539837,8.83,0.1,7.2,9.35,71,21315,4767,1.18,129.87,123.55,2265.15,173.45,6494,0.12,9,42.58,10671,2000
2000-04-20,Dow Jones,4934.09,4980.72,5019.240000000001,4901.3,674155416,-4.24,2.88,8.58,0.89,63,8278,2333,1.31,131.72,63.12,1961.12,362.05,8522,3.77,14,91.46,13579,2000
2000-04-21,NASDAQ,1562.85,1609.86,1634.84,1530.77,671068752,2.19,0.31,10.38,6.99,57,10376,686,1.27,131.08,111.26,1300.14,462.66,7520,0.93,24,86.33,10886,2000
2000-04-22,S&P 500,1808.06,1844.57,1859.83,1797.59,631074167,5.85,0.94,13.83,8.58,64,14940,3265,1.04,84.56,142.65,1698.57,274.24,8219,5.17,16,32.41,9358,2000
2000-04-23,Dow Jones,1736.9,1746.98,1795.67,1735.38,391519430,0.9,2.19,11.2,9.61,64,6846,3750,1.33,135.07,56.39,1022.06,469.91,6849,0.04,30,32.86,1936,2000
2000-04-24,S&P 500,4575.96,4596.05,4629.22,4554.28,89001141,-1.74,5.04,2.59,2.19,101,16369,4709,1.39,110.25,147.53,1191.19,108.79,618,2.7,10,78.02,11228,2000
2000-04-25,NASDAQ,3617.17,3595.69,3637.58,3567.21,629016505,6.39,8.48,12.9,5.55,119,3666,3349,1.32,113.27,73.37,1315.2,306.5,8775,8.66,19,42.71,8972,2000
2000-04-26,S&P 500,1608.42,1621.5,1635.52,1564.59,928499057,6.76,8.62,14.86,0.91,103,7844,2801,1.34,109.38,25.01,923.69,202.51,3951,2.13,30,57.32,11171,2000
2000-04-27,Dow Jones,2761.29,2756.85,2797.85,2710.44,608066171,8.84,6.16,8.14,5.24,91,16948,4136,1.05,139.99,66.5,2304.48,204.86,6955,0.65,15,42.29,4466,2000
2000-04-28,Dow Jones,3461.19,3459.39,3473.3,3432.95,62531772,0.64,9.28,14.6,1.69,68,21532,655,1.46,127.6,39.45,1008.5,451.02,5104,2.5,35,24.31,2447,2000
2000-04-29,NASDAQ,1333.86,1359.64,1368.2299999999998,1296.1699999999998,857936914,2.59,5.0,9.12,8.46,89,21203,1809,1.1,115.0,59.56,1984.63,224.6,5644,8.28,38,18.97,1165,2000
2000-04-30,S&P 500,4529.67,4507.86,4556.16,4485.889999999999,961746099,0.45,8.89,7.98,1.58,118,4150,4075,1.43,138.4,32.48,1659.63,109.33,9325,5.87,10,14.04,13086,2000
2000-05-01,Dow Jones,4214.41,4196.21,4228.91,4158.91,214911942,-1.14,4.54,6.31,5.38,76,15215,4490,1.4,136.38,43.17,2214.01,315.88,9057,5.86,19,1.24,9912,2000
2000-05-02,NASDAQ,3020.83,3063.29,3094.74,3010.59,24423911,6.27,2.77,10.55,5.45,92,6898,3407,0.89,80.35,36.47,2059.76,488.35,3460,0.01,25,28.13,7783,2000
2000-05-03,Dow Jones,4868.51,4824.13,4874.41,4805.58,630562028,0.09,9.16,4.99,9.73,101,2515,1610,1.48,113.52,25.65,2091.55,131.64,6152,4.72,48,17.22,13738,2000
2000-05-04,Dow Jones,2671.04,2669.6,2703.79,2637.89,560596730,1.42,3.88,3.36,6.72,95,26397,2686,1.5,82.96,58.5,1511.19,214.52,6858,2.66,25,25.87,12672,2000
2000-05-05,S&P 500,4936.44,4977.719999999999,4991.879999999999,4935.53,215374897,1.06,5.03,2.35,3.23,63,16440,3646,1.22,101.5,142.32,2217.76,287.8,1087,3.36,41,7.67,5132,2000
2000-05-06,Dow Jones,3671.68,3682.72,3682.73,3635.56,920749207,5.69,3.29,5.8,2.79,113,4524,4176,1.35,136.27,143.42,961.06,432.19,8307,5.99,46,34.22,6505,2000
2000-05-07,S&P 500,3538.69,3543.33,3549.68,3496.91,781941002,8.77,6.63,7.15,1.72,110,23198,3606,1.45,146.08,130.06,1555.51,207.56,7595,8.74,5,52.04,10250,2000
2000-05-08,Dow Jones,1663.82,1638.79,1710.5,1618.83,321197992,5.0,9.95,9.18,7.69,107,9304,4443,0.81,96.94,21.58,2490.84,237.47,7192,1.82,44,94.46,5940,2000
2000-05-09,NASDAQ,4527.71,4512.04,4571.08,4489.64,841746806,2.07,0.26,5.81,7.06,98,9343,3733,1.45,81.5,23.66,2411.79,253.8,9862,7.68,34,34.77,11335,2000
2000-05-10,Dow Jones,2709.96,2745.16,2756.84,2667.4,210184575,6.69,9.0,14.79,6.29,78,13505,2506,1.24,108.16,21.35,939.76,251.85,4527,0.49,7,3.2,3426,2000
2000-05-11,S&P 500,1648.93,1654.85,1693.7700000000002,1610.15,905715957,4.61,0.04,5.79,0.89,75,1887,1561,1.38,103.46,67.66,1774.08,180.14,178,3.27,6,36.3,14629,2000
2000-05-12,S&P 500,1050.43,1051.9,1082.3300000000002,1036.02,120588703,-4.09,3.64,7.73,7.75,76,27942,2271,1.18,127.39,147.43,1336.61,466.27,1918,2.19,36,81.74,6324,2000
2000-05-13,NASDAQ,3239.02,3198.98,3287.57,3182.78,196740327,-3.57,1.69,3.34,6.6,116,27196,502,1.17,114.65,136.59,2038.4,417.16,9336,9.16,49,34.08,4606,2000
2000-05-14,Dow Jones,3109.6,3061.2,3128.28,3027.26,109481716,-4.43,7.57,5.39,9.66,116,22063,383,1.43,107.92,52.57,2050.84,490.26,9903,1.78,15,29.24,9021,2000
2000-05-15,Dow Jones,3877.41,3923.78,3957.85,3849.25,773441899,1.85,0.51,2.63,6.08,84,23482,340,1.16,96.07,73.33,800.16,248.4,531,5.79,8,91.91,4951,2000
2000-05-16,NASDAQ,4561.03,4548.73,4564.21,4540.62,492728830,7.39,5.53,9.27,3.39,109,23363,4362,1.13,137.99,127.18,2237.89,118.12,8904,1.65,10,29.79,8149,2000
2000-05-17,Dow Jones,1317.63,1327.95,1347.76,1302.13,419318465,-0.3,2.95,11.76,4.12,110,5263,4756,1.23,97.39,118.62,1180.09,146.2,4450,4.73,20,97.03,7370,2000
2000-05-18,Dow Jones,3925.99,3883.96,3974.18,3838.96,461955598,0.76,1.34,4.54,2.17,119,28271,2295,1.16,83.83,37.24,2442.04,242.99,8563,4.13,45,83.28,5763,2000
2000-05-19,S&P 500,1749.65,1767.96,1794.91,1715.24,779928276,8.64,7.72,6.78,7.37,52,20993,800,1.11,119.52,34.01,2339.23,464.43,4531,0.41,6,68.46,9685,2000
2000-05-20,Dow Jones,4432.71,4475.97,4490.360000000001,4383.41,2033687,7.55,2.17,2.22,7.22,82,6035,2770,0.93,102.21,90.68,1124.12,492.43,9049,8.26,11,59.87,3002,2000
2000-05-21,Dow Jones,4276.25,4283.82,4289.83,4237.9,628454769,4.98,2.24,12.91,2.41,91,12520,2019,1.08,129.87,33.27,1881.77,428.8,4403,7.8,39,22.56,150,2000
2000-05-22,NASDAQ,3163.18,3125.79,3198.36,3078.69,239257872,-1.0,2.75,12.14,2.01,62,3628,4460,1.0,85.66,127.25,1303.8,195.37,8405,2.78,20,73.07,7505,2000
2000-05-23,NASDAQ,3840.97,3849.14,3881.38,3830.16,569657518,-3.24,5.87,2.82,1.23,78,21750,2648,1.08,147.64,52.93,975.07,363.88,5251,6.14,4,34.78,8331,2000
2000-05-24,S&P 500,2257.4,2284.03,2302.73,2218.83,345509363,-4.76,6.6,6.74,9.16,58,5585,2426,1.22,93.08,44.48,2285.8,338.64,5116,3.63,5,48.62,6122,2000
2000-05-25,Dow Jones,2884.67,2875.31,2932.2200000000003,2874.3,400235571,-3.39,0.18,14.42,2.71,81,11797,2896,1.23,104.99,44.14,1107.41,429.3,2062,7.69,42,10.5,9060,2000
2000-05-26,Dow Jones,4286.55,4324.53,4325.639999999999,4253.01,302541000,-0.61,2.42,7.1,3.77,71,17421,2306,0.97,113.67,25.88,1515.64,303.9,3165,6.92,25,29.69,3068,2000
2000-05-27,Dow Jones,2837.06,2851.93,2867.12,2813.6,519567266,3.28,4.31,8.84,3.16,107,24813,4694,0.86,142.31,103.44,2371.12,227.25,4048,0.9,28,52.96,6466,2000
2000-05-28,S&P 500,2431.19,2471.11,2517.1600000000003,2413.85,572500435,-4.04,3.32,6.62,4.43,106,21915,1710,1.32,130.58,41.38,928.1,107.71,7771,8.44,2,46.86,8809,2000
2000-05-29,S&P 500,2976.85,2989.2,3005.25,2933.73,327327506,-2.96,8.84,9.75,7.28,59,27494,587,1.17,90.14,50.33,1735.99,418.01,9125,1.79,10,34.42,8255,2000
2000-05-30,NASDAQ,4313.0,4276.13,4325.61,4233.42,560473297,-2.28,7.88,14.72,8.77,74,27283,564,1.11,110.7,117.67,1772.65,312.1,7206,1.74,22,47.25,12994,2000
2000-05-31,S&P 500,2340.83,2321.8,2367.54,2320.68,271503507,4.48,6.26,14.97,2.23,111,16757,4423,0.89,118.0,27.47,2097.21,313.67,1028,7.34,24,74.52,12768,2000
2000-06-01,Dow Jones,1695.05,1665.23,1736.24,1634.75,825894493,4.24,3.38,12.07,7.02,112,6498,765,1.09,129.15,46.36,2206.12,482.82,5522,1.83,11,45.99,2119,2000
2000-06-02,Dow Jones,3848.06,3888.94,3894.1,3829.67,804925991,3.26,7.01,7.26,3.85,52,14523,1589,1.37,120.03,39.42,1521.04,294.49,3015,1.22,0,50.67,6515,2000
2000-06-03,S&P 500,4303.91,4329.95,4377.099999999999,4283.13,553485440,-1.24,8.44,8.43,9.82,96,11869,898,1.21,112.01,20.63,2064.26,226.32,9635,3.36,3,70.14,13810,2000
2000-06-04,Dow Jones,1402.55,1420.19,1459.94,1360.95,218426967,0.57,5.95,6.64,3.34,104,24563,2900,0.86,133.59,90.11,2347.75,235.94,5487,8.39,0,84.18,7673,2000
2000-06-05,Dow Jones,1959.5,1939.6,1968.56,1924.11,631418391,-3.55,7.84,14.81,0.57,75,11014,3398,1.03,106.46,44.7,2306.65,104.7,9489,1.77,5,52.73,14581,2000
2000-06-06,S&P 500,1567.89,1536.2900000000002,1603.49,1489.14,955154926,-1.6,7.49,11.2,5.4,62,18921,3340,1.49,149.1,102.28,1653.09,148.94,297,3.39,33,94.82,14869,2000
2000-06-07,S&P 500,2391.77,2417.42,2436.67,2382.79,946599186,8.47,5.72,7.84,1.93,56,29429,3455,1.18,146.34,85.23,1831.95,117.52,9148,2.86,26,35.41,13227,2000
2000-06-08,Dow Jones,2801.4,2798.82,2821.51,2765.6800000000003,923384605,9.7,3.12,2.16,0.92,83,9654,4029,1.0,129.52,106.82,1943.78,197.3,4497,3.56,44,25.33,10221,2000
2000-06-09,Dow Jones,3995.31,3967.89,4034.47,3934.28,987151513,4.71,7.46,8.77,7.13,71,1743,4457,1.44,141.78,147.6,2192.48,125.86,4600,7.14,15,69.34,4424,2000
2000-06-10,Dow Jones,3604.59,3616.25,3664.39,3591.98,803780777,8.75,2.07,14.79,7.46,72,24001,3973,1.04,107.52,48.58,1663.15,232.45,6965,4.05,10,17.66,13130,2000
2000-06-11,NASDAQ,3483.71,3437.74,3490.04,3421.5000000000005,1889515,4.64,7.79,8.8,4.88,97,25608,959,1.31,120.7,106.56,990.23,150.45,9285,7.6,13,90.01,5780,2000
2000-06-12,NASDAQ,2409.5,2392.12,2430.53,2350.38,881189435,-4.5,8.05,4.37,6.93,63,10561,463,0.9,99.09,128.37,1455.01,467.17,945,6.4,37,38.72,12841,2000
2000-06-13,NASDAQ,4365.79,4362.65,4389.84,4324.56,963802405,9.95,8.22,2.29,5.61,101,20014,4032,0.91,141.99,144.46,2024.34,475.35,6390,3.61,47,69.85,12750,2000
2000-06-14,S&P 500,2885.15,2849.9500000000003,2903.9700000000003,2833.5000000000005,323231884,-3.52,4.73,6.61,6.48,88,22363,2245,1.19,112.97,100.9,1860.46,341.38,1847,4.32,48,57.06,9566,2000
2000-06-15,NASDAQ,4916.42,4964.89,4983.05,4889.72,136723587,5.24,1.92,13.94,6.17,90,2153,2931,0.97,117.53,37.01,2080.94,422.2,5607,7.04,9,5.53,4589,2000
2000-06-16,S&P 500,3536.57,3507.48,3539.1800000000003,3504.4,469963180,-1.21,1.0,14.96,6.83,85,25188,4778,0.83,140.52,27.0,1649.92,370.88,5065,5.35,12,70.94,7562,2000
2000-06-17,S&P 500,1505.06,1468.1,1539.34,1457.66,86383568,0.88,7.43,14.29,2.4,55,8474,3672,1.45,135.81,56.21,1096.49,424.44,9859,8.68,44,79.02,6813,2000
2000-06-18,NASDAQ,3704.71,3675.06,3726.52,3650.77,766347837,4.69,8.86,11.48,3.05,72,9991,1015,0.84,102.52,140.66,995.85,355.92,445,9.33,33,98.25,5930,2000
2000-06-19,NASDAQ,2300.42,2327.33,2337.07,2296.12,178041248,1.55,6.51,9.26,4.68,59,2804,1874,1.3,86.12,89.8,1618.15,272.08,255,7.18,32,41.67,2829,2000
2000-06-20,NASDAQ,3745.31,3737.86,3786.11,3695.69,178417092,-1.24,1.44,9.68,4.74,109,29500,3465,1.03,91.35,95.31,1149.73,449.5,5661,9.89,32,50.34,9616,2000
2000-06-21,Dow Jones,1278.56,1285.1,1325.23,1242.66,888342683,0.02,9.35,9.01,7.86,79,23804,250,1.45,103.74,99.38,2469.85,275.23,7469,5.97,38,87.5,13439,2000
2000-06-22,NASDAQ,1699.53,1651.63,1723.85,1604.4499999999998,255425599,0.12,9.89,11.19,3.99,119,11998,3320,1.49,101.37,63.19,1137.88,258.48,5132,0.4,12,26.99,700,2000
2000-06-23,Dow Jones,4422.95,4376.389999999999,4437.87,4341.719999999999,607779479,9.39,4.33,7.45,2.04,54,12838,3121,1.03,82.68,43.61,1763.53,349.75,8433,5.05,16,19.0,12991,2000
2000-06-24,S&P 500,1908.72,1903.3,1940.62,1856.28,223070224,6.98,5.95,10.7,2.89,106,26777,4337,1.21,110.24,144.05,803.01,475.17,203,2.3,8,13.38,1896,2000
2000-06-25,Dow Jones,4348.16,4379.83,4394.24,4320.43,731722353,1.88,7.77,3.58,2.54,92,4314,3917,1.34,87.41,118.2,1231.2,276.88,1338,3.34,12,97.83,8604,2000
2000-06-26,NASDAQ,2117.1,2155.62,2167.42,2087.09,287683238,-2.0,7.36,5.45,7.45,101,25296,1170,0.89,95.46,86.44,1240.54,329.98,7576,4.9,15,27.11,5299,2000
2000-06-27,S&P 500,3571.53,3530.2000000000003,3608.06,3481.3500000000004,941175727,7.17,9.68,12.87,4.97,55,27906,3543,1.3,135.12,68.97,2054.58,296.93,4303,2.95,36,75.76,13440,2000
2000-06-28,S&P 500,3776.6,3780.44,3782.46,3744.49,543647207,-2.64,1.15,13.75,7.23,51,27719,4289,1.43,114.64,82.76,1642.56,463.89,3631,3.1,29,45.02,13134,2000
2000-06-29,S&P 500,3050.62,3091.94,3096.68,3049.08,836833323,-1.84,5.81,9.01,4.45,66,28956,860,0.92,106.11,24.38,820.56,370.7,3975,4.02,38,24.13,762,2000
2000-06-30,Dow Jones,2221.24,2210.04,2221.58,2173.85,942336242,0.49,6.92,2.41,8.95,61,13009,4551,1.39,92.98,52.17,1444.59,267.84,8215,2.86,32,91.34,14492,2000
2000-07-01,NASDAQ,1850.58,1883.54,1891.19,1805.31,109496650,8.21,8.9,14.05,9.84,93,5538,4727,0.88,140.64,52.59,1896.13,342.76,1352,1.7,39,46.43,5877,2000
2000-07-02,S&P 500,1132.76,1096.13,1136.21,1056.35,270303051,-3.02,8.74,11.13,6.86,103,16525,2839,1.2,143.26,77.9,1882.4,162.42,7179,7.66,5,56.64,8786,2000
2000-07-03,S&P 500,2215.79,2259.33,2309.12,2186.6,868362188,-3.17,9.78,7.38,8.71,56,13865,2117,1.04,116.31,50.71,891.61,236.78,7209,3.95,11,22.33,13544,2000
2000-07-04,S&P 500,3612.65,3637.79,3652.23,3579.08,965689215,2.41,5.12,9.78,5.33,81,4281,1016,1.13,144.49,44.11,2379.15,394.47,8499,8.32,1,32.48,4075,2000
2000-07-05,Dow Jones,4753.22,4797.35,4804.81,4703.71,945623111,-0.85,8.31,7.59,9.38,78,2458,4043,1.01,112.54,119.52,1219.88,324.96,5740,8.83,32,74.79,3147,2000
2000-07-06,Dow Jones,4484.82,4502.48,4514.53,4480.29,812175360,3.53,4.27,8.05,8.4,95,18180,3560,0.98,87.51,136.16,2315.59,225.71,1862,7.51,14,34.37,2294,2000
2000-07-07,NASDAQ,4064.26,4050.6,4111.070000000001,4017.24,795334984,1.77,4.22,13.53,9.92,102,6841,1592,1.32,81.19,28.73,1162.8,244.92,9009,3.97,16,50.65,6472,2000
2000-07-08,Dow Jones,4153.79,4197.61,4223.62,4139.62,623910939,1.52,2.53,4.09,6.42,74,22607,3721,0.96,88.99,47.25,1765.35,423.91,1528,7.21,34,11.52,4095,2000
2000-07-09,S&P 500,3659.94,3637.5,3678.18,3605.5,671161793,-3.32,8.18,3.35,7.9,102,9724,826,1.09,123.59,120.58,1490.34,316.35,4376,1.55,30,85.02,1831,2000
2000-07-10,NASDAQ,2041.15,2024.37,2084.82,1993.99,857325709,-2.88,9.86,2.04,5.66,78,5582,4961,0.99,102.46,126.06,1788.29,195.5,8105,6.61,29,73.78,11925,2000
2000-07-11,S&P 500,4628.78,4648.86,4668.61,4621.11,516095436,7.32,2.56,6.08,2.96,55,21206,1709,0.97,125.38,85.02,1646.37,218.73,740,4.06,37,76.1,3001,2000
2000-07-12,S&P 500,3682.93,3709.46,3726.21,3672.59,331385665,8.29,0.56,3.92,3.87,87,27681,4848,1.24,115.56,110.33,803.48,287.15,1922,6.56,15,17.9,4527,2000
2000-07-13,Dow Jones,3241.76,3284.7000000000003,3295.0600000000004,3210.6800000000003,174563587,-1.48,8.16,4.86,8.99,52,7801,4941,0.83,103.31,30.09,1397.27,405.14,5904,7.55,41,49.57,5668,2000
2000-07-14,NASDAQ,1443.96,1414.44,1462.85,1408.03,672377355,-3.3,6.2,2.15,1.03,84,14775,1039,1.35,95.31,130.44,819.07,498.98,3148,5.63,44,2.85,875,2000
2000-07-15,Dow Jones,2788.22,2818.02,2833.85,2774.96,230689263,-4.2,9.6,4.95,6.12,104,15875,187,1.18,85.67,128.25,1961.72,174.3,3327,6.42,39,31.58,11807,2000
2000-07-16,Dow Jones,2841.43,2865.28,2899.15,2799.67,403923337,4.12,2.52,6.33,4.04,96,28259,662,1.38,134.77,110.14,2250.94,401.97,2019,2.14,16,34.87,541,2000
2000-07-17,NASDAQ,4458.25,4414.63,4472.73,4398.28,142667970,5.73,0.71,2.41,4.17,82,20112,1368,0.95,137.33,139.12,1454.01,346.89,9702,5.93,6,91.38,3148,2000
2000-07-18,S&P 500,3186.59,3175.31,3215.4500000000003,3150.91,967242243,0.59,4.92,9.9,8.9,52,23452,1590,1.3,117.9,26.19,1692.16,312.48,8762,4.6,4,99.28,510,2000
2000-07-19,S&P 500,2521.6,2499.88,2524.89,2452.82,201601989,5.2,0.85,9.39,8.61,118,18359,4637,1.09,91.0,50.03,911.92,486.58,5899,4.28,39,61.81,10552,2000
2000-07-20,NASDAQ,4907.2,4887.65,4916.76,4876.29,68409238,5.69,2.62,3.26,6.19,108,27441,3179,0.85,98.45,67.13,1454.84,229.1,4199,4.1,26,51.73,8400,2000
2000-07-21,S&P 500,1442.88,1491.17,1511.54,1423.4,270595396,9.03,1.26,9.74,3.09,67,2907,1672,1.33,146.86,40.62,1036.06,170.79,6237,3.11,0,44.06,7769,2000
2000-07-22,NASDAQ,2690.19,2704.4700000000003,2751.32,2659.87,170138929,-4.03,2.24,14.98,5.02,115,24427,4754,1.33,95.82,125.93,909.99,451.04,6441,3.05,1,1.93,12932,2000
2000-07-23,NASDAQ,1168.1,1189.87,1208.7299999999998,1130.33,608510921,-2.12,1.06,14.28,4.38,74,17819,3271,0.99,83.98,118.44,1092.46,127.48,7663,7.0,3,80.03,3273,2000
2000-07-24,Dow Jones,3959.62,4007.28,4040.48,3914.54,288691434,-3.97,9.54,2.03,3.86,69,13745,2900,1.44,118.5,120.52,2280.43,426.85,9693,5.58,0,67.22,13892,2000
2000-07-25,NASDAQ,4672.31,4660.030000000001,4685.06,4614.26,799658194,8.02,2.79,12.34,1.48,118,11659,3513,1.33,98.33,57.87,2469.75,335.69,9789,0.3,28,64.96,13073,2000
2000-07-26,Dow Jones,2120.15,2150.33,2156.68,2081.32,475599693,6.89,4.44,6.6,5.66,78,28025,1357,1.01,147.02,119.15,2294.66,165.6,678,0.49,20,80.92,14856,2000
2000-07-27,S&P 500,4433.37,4426.82,4436.3,4415.4,227390164,3.62,8.99,2.83,3.37,67,5915,4988,0.97,120.23,36.0,2448.44,190.94,5104,5.7,41,92.81,5968,2000
2000-07-28,S&P 500,2168.87,2205.82,2221.09,2167.63,342220731,-3.75,6.77,5.85,6.78,76,2745,4885,1.11,147.61,33.88,2042.37,162.34,2700,8.46,34,39.01,3036,2000
2000-07-29,S&P 500,4643.08,4611.15,4650.96,4591.96,442221147,-0.9,6.18,6.18,3.53,91,22573,4672,1.0,134.99,95.93,1071.5,387.34,9034,0.44,33,42.7,13864,2000
2000-07-30,S&P 500,4015.85,4060.62,4069.32,4008.77,739835604,-0.53,7.06,8.8,4.6,115,27713,4880,0.95,130.62,26.33,1757.39,158.92,5882,5.07,38,97.52,6882,2000
2000-07-31,Dow Jones,4219.63,4191.51,4257.67,4155.99,803770339,3.41,8.29,10.59,1.0,75,21221,2519,1.08,138.13,142.02,2043.71,372.55,4370,8.51,1,66.48,8178,2000
2000-08-01,S&P 500,1072.03,1054.65,1072.82,1021.59,456383319,-1.13,8.78,11.74,9.93,72,7072,1243,0.82,122.34,62.75,1672.89,151.26,2130,0.04,24,85.15,4929,2000
2000-08-02,NASDAQ,4851.24,4876.86,4904.75,4849.04,181540597,-3.91,6.43,5.2,5.32,54,4450,4737,1.08,80.78,82.01,1742.93,420.91,5959,2.76,5,22.23,5926,2000
2000-08-03,NASDAQ,3906.68,3896.06,3925.65,3854.23,809464549,5.96,8.9,6.18,0.73,60,19542,4374,0.96,107.47,125.72,1796.52,467.8,3207,9.2,7,31.78,10751,2000
2000-08-04,NASDAQ,2219.0,2229.82,2255.15,2206.56,140581456,-0.51,5.35,6.01,5.64,68,23033,3265,0.99,95.33,72.01,1593.64,323.72,7281,0.81,34,39.22,1826,2000
2000-08-05,Dow Jones,4317.58,4312.04,4345.72,4290.43,191235797,1.79,2.77,6.72,8.77,61,10506,2714,0.86,110.4,75.98,1294.0,486.47,2328,6.07,18,31.76,3265,2000
2000-08-06,S&P 500,2126.08,2150.32,2165.99,2092.68,316539794,-3.09,8.8,15.0,7.84,51,7985,847,1.21,112.94,65.23,1882.94,256.15,3364,5.07,8,88.44,583,2000
2000-08-07,S&P 500,4491.02,4463.85,4505.780000000001,4442.38,437059637,7.04,5.41,12.11,7.16,92,20167,3589,1.13,88.95,65.72,890.96,197.84,1834,1.52,32,51.2,7014,2000
2000-08-08,S&P 500,1450.32,1406.1699999999998,1486.99,1384.11,307758473,3.48,9.06,14.67,1.82,71,18180,2733,1.33,81.64,80.83,1090.58,170.92,5043,0.42,7,95.37,7063,2000
2000-08-09,Dow Jones,3814.74,3794.73,3858.3,3791.45,272954108,8.52,0.4,11.01,6.75,75,28231,3588,1.49,89.67,142.97,2372.94,291.59,5123,5.03,37,32.2,4239,2000
2000-08-10,NASDAQ,3162.79,3160.22,3172.42,3140.15,934278346,2.43,3.98,7.28,7.78,82,2147,1947,0.88,140.02,141.68,1630.99,152.3,4209,7.35,31,3.82,1439,2000
2000-08-11,NASDAQ,1386.14,1352.94,1391.0200000000002,1314.7,754385765,9.12,9.48,7.07,5.94,73,15545,4125,0.99,132.91,90.87,2196.86,450.32,9746,1.77,22,13.89,6301,2000
2000-08-12,S&P 500,1967.58,1953.06,2012.47,1907.3,136440193,8.38,2.5,8.35,8.98,118,25435,1245,1.28,135.92,79.27,2035.12,413.91,2226,6.91,33,21.79,706,2000
2000-08-13,NASDAQ,1049.62,1039.62,1067.11,1018.95,607010400,3.65,9.42,7.42,3.13,70,20336,2204,0.97,99.34,125.06,1345.21,324.85,4055,5.46,22,64.03,5361,2000
2000-08-14,NASDAQ,2875.07,2830.81,2902.6400000000003,2809.63,698918762,9.01,9.54,12.77,2.8,95,28687,3956,0.82,96.53,108.52,2166.2,388.59,8292,3.58,45,18.19,10729,2000
2000-08-15,Dow Jones,2205.06,2213.39,2231.37,2169.93,541727710,-0.15,8.82,8.05,8.76,67,9856,2868,0.88,82.62,134.6,955.25,120.0,5183,6.64,31,38.21,7030,2000
2000-08-16,Dow Jones,3393.43,3431.86,3438.15,3346.29,521668783,0.48,5.64,5.84,6.44,54,8592,4159,1.1,113.06,114.98,2287.46,181.41,7030,1.92,0,79.56,9761,2000
2000-08-17,Dow Jones,2188.95,2154.12,2218.42,2140.77,871961954,-4.32,6.47,12.07,0.51,57,22513,1908,1.1,106.77,143.8,1956.95,348.48,8938,4.57,6,12.56,12122,2000
2000-08-18,Dow Jones,2199.68,2209.46,2235.7200000000003,2177.67,628109412,3.84,8.7,13.11,3.85,106,3744,509,1.48,138.51,135.21,2376.02,290.99,6709,5.49,42,8.14,13844,2000
2000-08-19,S&P 500,3972.77,3989.24,3999.39,3932.97,67507182,5.83,7.76,7.47,8.65,54,24071,745,1.13,127.73,131.18,2322.37,341.85,7778,4.59,47,54.04,8726,2000
2000-08-20,Dow Jones,1192.57,1184.5,1215.16,1154.02,457332782,6.6,6.3,10.68,0.76,62,4525,4020,1.27,90.1,70.9,1446.45,135.59,807,3.98,23,69.84,4318,2000
2000-08-21,NASDAQ,4611.58,4631.69,4671.54,4606.05,573882019,-2.75,9.82,2.76,0.53,115,12392,1651,1.14,149.1,70.21,2256.62,360.97,8894,7.41,1,91.1,3161,2000
2000-08-22,S&P 500,4409.06,4400.13,4438.580000000001,4368.74,747253334,1.66,6.86,8.88,3.17,86,9194,1213,0.99,133.94,116.36,1757.13,421.45,2931,6.56,17,66.23,1917,2000
2000-08-23,NASDAQ,3671.22,3671.68,3676.53,3661.88,986247139,-2.35,9.75,2.58,9.18,78,14377,3687,0.87,130.42,30.89,1067.09,318.51,3761,6.39,18,94.62,4821,2000
2000-08-24,NASDAQ,3372.89,3323.63,3400.29,3298.1199999999994,985559015,4.93,0.57,2.38,9.06,118,23254,161,1.4,95.16,61.89,2210.24,242.96,4209,8.92,41,24.53,1051,2000
2000-08-25,NASDAQ,4569.21,4588.38,4623.52,4542.75,34354214,-2.63,1.39,9.97,5.43,81,21088,1335,0.91,143.36,141.19,2343.46,169.86,2190,9.94,35,34.25,2906,2000
2000-08-26,Dow Jones,1741.32,1757.45,1797.09,1697.51,819417369,8.56,4.51,5.94,5.76,97,29914,4443,0.87,113.17,78.51,943.73,206.14,1198,5.67,27,83.95,9167,2000
2000-08-27,Dow Jones,1315.88,1269.72,1347.34,1246.6,897966744,-1.54,3.85,11.65,3.65,51,26419,1827,0.95,100.84,55.09,2381.94,309.01,2050,3.48,34,81.12,14453,2000
2000-08-28,S&P 500,1958.04,1944.87,1965.67,1930.9,490462992,-0.63,7.83,13.65,2.82,118,28455,4692,0.8,125.84,81.94,1822.15,202.21,3478,7.79,31,66.52,9800,2000
2000-08-29,S&P 500,4178.31,4226.21,4261.72,4166.76,929870670,7.76,1.61,3.81,8.24,100,20696,4654,0.85,94.82,57.52,844.03,411.18,3924,1.42,12,50.65,4880,2000
2000-08-30,Dow Jones,1138.68,1130.75,1172.55,1087.04,674851300,1.88,9.76,11.42,1.51,84,9502,3066,1.24,143.53,119.87,1721.05,152.7,2982,5.13,5,1.87,14946,2000
2000-08-31,NASDAQ,3331.23,3331.42,3332.64,3322.68,129795523,-4.64,3.15,8.69,5.13,64,24138,3460,0.97,139.8,130.58,2154.47,306.57,6323,5.25,28,28.12,3394,2000
2000-09-01,S&P 500,4981.75,5022.74,5043.33,4960.46,26841045,2.42,4.29,3.46,6.53,114,1285,1512,1.04,112.54,121.75,1706.41,298.39,2110,9.83,9,15.92,6965,2000
2000-09-02,Dow Jones,4422.78,4444.509999999999,4461.159999999999,4413.42,124700944,-3.73,2.75,10.47,1.48,87,727,3684,1.38,93.35,39.38,2002.32,155.56,593,9.91,39,5.21,14679,2000
2000-09-03,Dow Jones,3085.78,3093.99,3127.46,3047.11,91632469,9.78,5.79,9.92,5.44,66,5447,1833,1.34,114.76,63.69,2295.29,498.0,8213,7.99,9,77.63,12396,2000
2000-09-04,Dow Jones,1254.56,1284.34,1295.15,1230.84,708942352,3.82,0.59,8.7,5.99,94,7977,3730,1.14,90.44,47.82,2278.59,429.25,1951,4.73,33,13.22,11709,2000
2000-09-05,NASDAQ,4325.49,4361.929999999999,4391.469999999999,4307.929999999999,154110733,-1.15,1.5,14.04,7.55,50,17711,3969,1.23,98.89,25.56,1104.08,254.61,5478,5.47,19,35.81,3045,2000
2000-09-06,Dow Jones,3395.91,3391.6,3441.57,3373.55,789311629,3.46,7.46,8.77,2.73,52,17262,2591,0.86,113.79,116.09,1526.12,373.96,6747,3.2,46,97.75,4317,2000
2000-09-07,Dow Jones,1459.73,1457.24,1499.62,1414.63,933755783,-3.85,1.87,14.88,3.29,119,14394,2139,1.33,81.48,75.69,988.98,386.63,7595,8.3,32,40.97,12867,2000
2000-09-08,Dow Jones,1375.43,1364.04,1421.5,1336.35,39372961,7.0,2.36,8.62,5.91,101,28887,4987,1.16,133.6,55.96,1811.67,360.46,5043,7.47,10,14.24,13709,2000
2000-09-09,Dow Jones,4638.51,4685.18,4734.110000000001,4602.62,880713113,8.88,7.93,3.51,9.84,102,10717,1407,1.2,93.78,59.98,2423.04,272.99,4736,7.71,23,69.01,7632,2000
2000-09-10,S&P 500,3676.8,3696.52,3697.05,3631.95,508829100,8.12,0.93,8.12,2.57,52,15220,4112,1.27,140.66,37.55,1109.14,454.04,7488,1.39,32,81.01,7593,2000
2000-09-11,S&P 500,4317.15,4275.469999999999,4348.29,4230.379999999999,253732253,0.13,4.37,4.37,9.87,96,6756,1824,1.15,81.56,127.48,1486.17,408.62,6850,3.99,21,27.99,2987,2000
2000-09-12,Dow Jones,4515.92,4552.22,4572.860000000001,4499.49,516252181,-0.11,0.23,9.76,7.29,55,12056,4790,1.17,117.25,38.71,2421.85,316.81,4941,5.37,47,80.95,9424,2000
2000-09-13,NASDAQ,3287.09,3285.15,3330.08,3237.53,281377679,-4.47,3.47,11.01,8.35,95,12068,2555,1.15,134.37,63.98,2075.2,101.03,9710,1.25,11,27.22,2983,2000
2000-09-14,S&P 500,3069.79,3026.67,3082.38,3025.4300000000003,651613341,4.77,6.99,8.09,1.35,110,27414,1041,1.15,96.66,20.96,920.99,189.35,5891,3.69,29,69.34,4738,2000
2000-09-15,Dow Jones,2721.71,2726.68,2775.73,2702.87,261069967,3.02,0.9,3.27,3.35,92,26204,2136,1.33,129.53,76.73,1528.31,303.53,8532,0.87,31,12.57,1245,2000
2000-09-16,S&P 500,2267.79,2259.51,2298.48,2214.72,35255909,1.89,8.88,8.09,1.05,105,22966,1913,1.1,130.46,66.12,2479.41,459.57,2500,9.59,43,42.84,14710,2000
2000-09-17,S&P 500,2738.38,2776.15,2815.83,2724.65,803391029,8.61,9.09,3.06,4.03,119,8982,3161,0.8,124.65,113.48,1570.51,351.45,7617,7.51,18,52.1,2218,2000
2000-09-18,NASDAQ,4095.52,4065.92,4099.8,4052.27,656769495,-2.48,1.05,10.87,9.82,69,20432,2494,1.23,105.5,112.99,1869.98,267.14,8385,6.21,44,72.56,1298,2000
2000-09-19,Dow Jones,3407.69,3440.34,3449.51,3392.56,292310819,-4.86,9.91,12.27,1.5,96,8188,4467,1.47,134.95,25.02,1991.66,119.16,3498,2.05,39,65.04,7560,2000
2000-09-20,Dow Jones,4570.09,4575.860000000001,4613.780000000001,4539.47,588433442,-3.9,2.98,14.51,5.84,103,27800,1384,0.98,123.99,35.06,1928.68,338.91,4110,3.34,1,85.35,11838,2000
2000-09-21,NASDAQ,2773.52,2728.98,2774.62,2707.06,428027589,-1.65,0.84,3.93,0.56,90,559,495,1.37,121.33,137.6,1681.82,240.3,4248,1.44,13,18.51,1844,2000
2000-09-22,NASDAQ,3428.36,3475.54,3516.38,3392.02,997020931,-4.5,0.05,8.92,7.27,115,5931,3863,1.12,137.34,122.93,1025.75,314.95,4068,5.36,32,66.16,10051,2000
2000-09-23,Dow Jones,3525.23,3526.49,3527.19,3480.48,882279953,2.54,4.09,9.38,2.37,80,29277,4349,1.25,97.12,70.63,2004.31,406.58,9760,8.21,31,12.86,3190,2000
2000-09-24,Dow Jones,3366.79,3345.88,3399.65,3312.17,262680517,-0.29,6.3,13.99,1.73,113,19554,1190,1.42,96.27,41.63,2386.66,421.5,2777,0.19,40,47.86,10044,2000
2000-09-25,NASDAQ,3810.54,3807.48,3828.79,3797.26,161450329,-2.29,3.32,10.15,3.7,107,14924,2988,1.34,107.05,53.9,2400.88,445.71,2505,1.03,18,52.5,11456,2000
2000-09-26,S&P 500,1949.73,1985.52,2016.09,1903.1,964898980,6.25,8.37,3.89,7.82,104,3839,1822,1.42,85.12,105.54,1808.76,354.42,7746,2.29,13,2.82,11772,2000
2000-09-27,S&P 500,3049.46,3029.95,3084.26,3016.73,942649882,-1.93,7.17,7.67,1.51,95,19673,4543,0.81,103.62,142.91,1636.74,462.25,1375,7.14,3,7.13,9368,2000
2000-09-28,NASDAQ,1416.9,1386.17,1434.02,1378.68,44923880,5.31,3.5,10.51,2.68,73,4154,4106,0.93,108.44,100.05,1367.73,376.25,7415,8.94,1,83.94,9313,2000
2000-09-29,S&P 500,2538.05,2500.96,2543.4500000000003,2496.46,49638538,0.24,7.34,11.1,0.58,86,28266,1186,1.1,114.65,23.44,976.07,413.57,9361,7.53,9,28.75,1091,2000
2000-09-30,NASDAQ,2950.67,2930.46,2954.15,2902.29,90477925,2.68,9.4,13.22,9.7,90,13687,1404,1.39,97.78,104.59,2301.3,374.19,1241,5.25,28,34.68,686,2000
2000-10-01,S&P 500,3608.9,3636.9,3666.35,3603.21,586610749,9.01,0.93,4.35,6.13,74,27568,3212,1.39,143.48,142.82,1032.99,448.75,1666,1.05,14,64.08,7911,2000
2000-10-02,S&P 500,4802.12,4799.28,4828.15,4792.34,389281039,-4.44,3.06,14.37,7.34,78,6048,1114,0.93,99.96,66.62,1289.51,189.16,7480,7.55,30,22.15,8849,2000
2000-10-03,Dow Jones,3402.6,3375.35,3439.71,3360.35,688205970,2.5,4.63,2.77,6.69,80,21986,4472,0.9,139.61,141.36,2058.68,403.95,6397,1.06,32,19.37,3586,2000
2000-10-04,Dow Jones,3974.38,3941.0,3999.87,3926.92,259063786,7.82,4.98,14.79,1.87,51,24402,320,1.38,111.15,107.18,1998.1,146.86,7714,3.48,28,42.21,9863,2000
2000-10-05,S&P 500,3025.06,3008.33,3046.18,2978.12,168322548,3.82,5.42,13.15,6.15,61,29477,3905,1.18,130.27,44.68,1957.72,136.8,9207,3.08,10,5.99,9447,2000
2000-10-06,S&P 500,3536.42,3580.41,3600.31,3495.58,958356686,-0.85,3.01,10.58,1.75,54,19546,1226,1.24,87.76,38.89,2060.9,296.65,5532,3.59,47,91.71,8933,2000
2000-10-07,Dow Jones,1283.73,1268.03,1285.05,1229.96,605488153,0.97,6.67,11.55,4.31,110,17085,3356,1.37,118.12,42.92,1721.36,220.09,4636,3.3,44,94.02,4874,2000
2000-10-08,Dow Jones,2017.57,2066.38,2083.1600000000003,2004.45,926303351,5.2,6.45,2.94,5.91,105,7587,2030,0.95,147.26,110.9,1063.42,325.34,5373,7.69,39,44.88,13654,2000
2000-10-09,Dow Jones,2447.41,2445.93,2496.21,2433.66,673738664,8.36,5.78,2.54,5.81,86,13834,2222,0.9,126.64,96.64,2497.21,371.09,3956,1.72,8,21.0,3983,2000
2000-10-10,NASDAQ,2889.97,2857.89,2933.65,2809.6,759198199,-4.38,1.14,3.32,1.63,85,28237,572,1.4,137.42,79.22,2316.64,190.63,3004,8.46,46,47.11,4286,2000
2000-10-11,S&P 500,1182.59,1221.6999999999998,1238.1699999999998,1182.1799999999998,599679326,-3.93,4.77,3.14,0.83,78,9162,515,0.88,98.27,54.24,1532.96,379.97,6088,8.58,28,10.08,13757,2000
2000-10-12,Dow Jones,1560.1,1556.14,1589.49,1512.15,43125522,-0.12,3.56,9.12,8.08,87,8443,1968,0.86,136.01,137.94,1701.55,498.18,6398,4.91,36,39.84,8156,2000
2000-10-13,S&P 500,2107.26,2128.23,2170.59,2097.2700000000004,528736760,-1.51,4.91,4.8,7.4,90,19910,4212,0.99,104.59,47.79,1469.04,403.98,5756,1.06,20,7.46,8076,2000
2000-10-14,NASDAQ,4886.13,4934.5,4956.56,4838.77,686031319,-1.03,9.22,13.18,1.28,82,3856,1633,1.02,113.96,56.87,1884.56,169.51,3893,5.75,30,70.65,3293,2000
2000-10-15,NASDAQ,2325.39,2280.41,2326.29,2263.29,447657593,-1.68,4.81,7.79,1.71,62,28830,1562,0.97,93.16,27.14,2042.94,353.48,1760,8.21,21,27.64,10698,2000
2000-10-16,Dow Jones,2928.16,2887.83,2931.89,2865.81,729083528,-2.06,0.14,11.04,8.98,55,11048,1965,1.32,114.0,55.79,1193.66,103.79,7952,2.89,17,52.11,6084,2000
2000-10-17,NASDAQ,1784.39,1806.44,1831.96,1749.0300000000002,85250838,-3.04,4.39,10.49,7.81,115,4473,4109,1.48,116.1,139.98,1535.75,287.89,6193,8.38,1,1.45,3977,2000
2000-10-18,S&P 500,3443.12,3421.3,3491.59,3391.92,29357507,9.01,8.21,6.16,9.96,57,13520,3230,0.94,123.56,44.39,1888.4,313.32,6557,6.77,21,52.51,4141,2000
2000-10-19,Dow Jones,2122.73,2091.16,2157.39,2075.26,302184777,-2.84,7.8,5.16,2.91,113,11275,1836,1.35,140.8,46.52,2479.63,488.95,1718,9.87,36,0.43,2852,2000
2000-10-20,S&P 500,1827.97,1781.91,1831.52,1754.22,355289598,-1.93,5.13,6.45,5.13,58,4971,3286,0.83,101.34,98.0,1352.29,394.88,693,8.25,19,92.53,3285,2000
2000-10-21,S&P 500,3066.29,3018.47,3075.76,2981.93,389662344,-1.31,2.5,12.36,2.75,72,28861,571,0.88,148.89,93.7,2066.5,382.38,2170,2.02,47,50.17,518,2000
2000-10-22,NASDAQ,1022.02,1049.47,1088.04,1019.9,561847314,9.0,4.65,9.62,6.42,70,27622,3277,1.16,139.34,42.87,1389.34,312.96,747,4.49,47,10.1,4718,2000
2000-10-23,NASDAQ,1030.66,994.1,1072.73,993.5400000000002,354842446,6.34,5.64,5.3,1.6,50,27759,3026,1.5,108.2,40.05,956.98,305.27,1429,1.04,3,34.17,2334,2000
2000-10-24,NASDAQ,1876.28,1873.05,1907.16,1850.15,459837490,6.85,10.0,12.63,1.71,95,21121,2965,1.46,95.87,35.21,2109.25,496.83,1523,0.7,25,4.7,13489,2000
2000-10-25,NASDAQ,1146.89,1157.48,1189.7,1140.3000000000002,721673121,-3.43,6.44,2.71,1.18,111,3623,3297,0.88,85.0,131.94,1903.82,108.51,6030,7.06,19,53.14,7849,2000
2000-10-26,NASDAQ,1432.1,1424.9399999999998,1433.52,1391.7199999999998,476575529,7.54,6.94,11.09,7.09,51,11833,2561,0.97,96.41,105.08,1674.38,221.28,9172,9.13,21,12.32,910,2000
2000-10-27,Dow Jones,2355.44,2308.15,2396.87,2297.4500000000003,713027454,1.12,4.91,7.71,5.19,93,19191,3681,1.46,141.92,143.95,1947.56,153.51,7125,9.74,42,47.36,7754,2000
2000-10-28,S&P 500,4210.34,4238.6900000000005,4278.1,4188.7,67206738,-1.06,3.54,11.51,6.37,54,6503,600,0.91,100.44,41.56,2294.81,225.99,1334,2.7,19,30.62,9931,2000
2000-10-29,S&P 500,3288.19,3239.24,3301.14,3229.36,860679344,3.64,8.13,14.06,8.85,88,4290,220,1.32,89.66,79.88,2086.07,285.45,9909,2.02,28,76.18,3004,2000
2000-10-30,S&P 500,3050.67,3076.86,3112.29,3023.25,461574270,7.33,4.95,11.75,7.53,115,22819,1875,0.8,81.59,116.6,2258.29,236.77,5777,5.6,47,48.28,2874,2000
2000-10-31,S&P 500,2173.96,2213.29,2224.03,2168.16,747310003,6.68,9.95,7.75,4.89,94,7021,706,1.24,100.84,47.76,1293.03,485.08,1556,2.01,30,84.83,1753,2000
2000-11-01,NASDAQ,4727.01,4720.29,4729.030000000001,4719.13,398611191,8.35,4.57,3.96,9.85,62,3610,4545,1.15,95.13,109.01,2160.82,372.24,5579,2.96,22,94.14,4200,2000
2000-11-02,S&P 500,2588.06,2591.61,2601.67,2585.5,589016916,8.92,0.68,12.48,4.83,81,25423,919,1.13,87.15,81.59,1412.02,391.22,2930,8.37,43,96.96,5885,2000
2000-11-03,Dow Jones,1348.37,1346.07,1357.3,1298.36,914130145,-1.43,6.83,7.99,1.57,92,2101,3364,1.38,146.58,76.01,835.11,396.92,9364,8.1,37,26.09,7043,2000
2000-11-04,Dow Jones,3468.27,3457.19,3485.16,3450.08,786238770,1.36,0.47,2.98,9.93,57,12288,883,0.86,98.73,103.85,873.41,459.69,3832,8.95,15,76.78,4498,2000
2000-11-05,S&P 500,1455.35,1494.09,1515.01,1419.9299999999998,299851472,-4.78,2.51,11.35,0.72,108,20661,1946,1.06,80.43,80.8,2041.6,407.21,7854,4.82,18,43.87,2075,2000
2000-11-06,S&P 500,2380.89,2420.28,2445.71,2377.49,634108113,8.19,3.54,5.79,5.72,60,21807,4692,1.11,146.1,126.6,1262.25,106.48,7488,5.64,10,42.67,10296,2000
2000-11-07,Dow Jones,3029.65,3013.23,3053.49,3007.82,355650433,-2.68,7.39,2.64,3.44,77,27629,491,0.89,120.5,140.97,1322.89,204.56,6979,7.71,11,86.84,14525,2000
2000-11-08,Dow Jones,4496.89,4508.400000000001,4521.93,4471.450000000001,957518834,7.92,4.94,13.74,5.28,88,13212,3845,0.86,85.8,96.55,1858.38,495.64,7273,2.39,35,14.65,10901,2000
2000-11-09,NASDAQ,2974.19,3016.88,3018.34,2950.9500000000003,838041984,-0.06,0.29,8.28,5.81,75,22803,1232,0.93,82.2,59.08,2060.57,360.85,1178,8.23,12,47.83,6598,2000
2000-11-10,Dow Jones,3809.04,3855.25,3885.51,3761.46,261719658,0.52,6.17,5.65,2.78,75,14247,3076,0.97,87.55,121.04,1750.1,127.25,7282,0.18,1,59.33,12589,2000
2000-11-11,NASDAQ,4971.27,4972.17,4991.96,4924.030000000001,59332472,-4.41,4.11,11.31,5.79,81,16504,2617,1.48,121.4,42.16,2000.83,286.66,4718,7.98,10,6.71,5149,2000
2000-11-12,NASDAQ,1525.96,1521.24,1540.89,1482.26,518136265,-0.1,9.22,13.52,7.68,95,20662,4545,1.13,84.33,32.35,2399.79,492.33,5602,7.76,0,86.46,9983,2000
2000-11-13,NASDAQ,2098.93,2076.8,2142.28,2046.69,426556260,8.33,5.0,2.0,3.03,77,9013,4970,1.16,119.77,87.44,2252.07,497.14,5595,3.02,40,31.5,5314,2000
2000-11-14,NASDAQ,2578.3,2624.19,2661.53,2555.55,733005039,-4.62,7.09,10.94,4.14,56,28737,2296,1.29,125.68,104.08,1209.37,272.98,5014,7.28,9,65.72,7858,2000
2000-11-15,NASDAQ,2687.31,2651.59,2730.2,2633.78,568358327,1.09,2.19,11.97,3.05,84,10989,3560,1.28,90.33,128.55,2341.55,457.22,5896,2.14,2,92.82,4890,2000
2000-11-16,S&P 500,2644.08,2652.06,2676.81,2596.73,441074308,-4.53,7.61,4.73,8.3,115,22747,4539,1.15,114.19,144.18,1305.35,336.8,7452,5.76,7,72.0,925,2000
2000-11-17,Dow Jones,4630.44,4608.7,4636.99,4578.55,544828023,0.56,7.21,8.37,7.39,71,17063,776,1.04,147.47,133.53,1923.0,303.77,187,7.01,15,88.61,13579,2000
2000-11-18,NASDAQ,3856.13,3834.03,3890.94,3805.08,104815798,-2.41,9.04,3.16,8.78,71,20849,694,1.03,138.55,148.53,2287.02,264.78,5974,7.15,35,7.05,5208,2000
2000-11-19,Dow Jones,3431.62,3422.12,3441.92,3410.52,282017547,-1.22,0.34,11.71,2.12,52,13791,3984,0.84,130.64,81.84,1859.86,456.85,4551,9.83,42,49.32,12061,2000
2000-11-20,Dow Jones,2237.49,2287.37,2309.43,2235.16,131662819,8.16,4.48,13.02,1.2,95,26788,3251,1.43,116.24,61.15,2170.53,348.45,1188,1.82,39,56.53,12384,2000
2000-11-21,NASDAQ,4295.16,4250.66,4298.41,4203.4,724136414,1.54,6.79,3.41,1.63,99,25104,3424,1.34,107.6,79.76,2376.49,233.52,753,4.81,38,68.93,529,2000
2000-11-22,S&P 500,4820.24,4828.09,4869.360000000001,4804.55,743816310,-0.89,0.95,12.61,2.03,57,28643,3034,1.24,111.6,103.74,2443.79,296.77,3209,8.8,19,11.77,4013,2000
2000-11-23,NASDAQ,4284.79,4243.05,4291.09,4220.92,120220773,3.84,4.11,12.03,5.56,53,16537,4433,1.08,133.52,85.94,1498.08,277.63,1497,5.62,46,65.71,5904,2000
2000-11-24,S&P 500,1006.26,971.71,1051.41,965.98,286176050,-2.87,9.42,6.51,9.72,64,16185,3085,1.21,118.8,102.44,2487.71,280.46,4860,8.76,7,14.68,3821,2000
2000-11-25,Dow Jones,3545.61,3539.57,3588.82,3497.7200000000003,974307080,-1.11,4.36,10.97,3.89,93,27109,2463,1.14,133.53,135.27,1261.86,224.64,2527,4.34,9,6.85,1481,2000
2000-11-26,S&P 500,1204.54,1205.59,1228.82,1203.16,783834411,3.19,9.85,2.0,9.61,88,9429,939,0.99,147.89,41.56,1585.72,353.18,2184,7.95,36,46.98,14227,2000
2000-11-27,S&P 500,2030.43,2006.31,2067.65,1964.61,930125849,-1.44,0.57,14.11,0.86,78,4219,2610,1.01,124.84,35.63,2093.2,120.89,9030,8.7,31,60.08,1855,2000
2000-11-28,S&P 500,1238.1,1219.75,1269.07,1212.74,543439950,5.19,7.18,9.15,9.31,111,23214,3869,1.41,122.22,84.81,2449.26,454.47,3099,8.46,26,95.82,11041,2000
2000-11-29,Dow Jones,3415.18,3373.88,3455.33,3329.55,605731023,2.37,5.81,10.06,2.22,83,16938,4787,1.24,108.43,147.63,890.0,266.16,4529,8.71,30,69.89,14207,2000
2000-11-30,Dow Jones,3746.36,3726.68,3767.95,3690.190000000001,299002508,6.58,5.01,10.64,9.17,75,11617,2987,0.8,93.77,27.68,2407.59,420.34,2566,2.2,2,59.18,14549,2000
2000-12-01,S&P 500,1457.95,1504.61,1543.9,1449.72,89922072,9.22,9.71,9.3,1.03,67,23541,3143,1.03,106.19,148.25,2497.75,391.8,980,4.39,38,21.54,14427,2000
2000-12-02,S&P 500,2535.36,2579.83,2602.95,2507.07,371931165,-3.26,1.3,13.14,9.51,112,26509,1731,1.04,116.41,145.8,2346.29,288.74,8050,1.75,5,15.29,14967,2000
2000-12-03,NASDAQ,2824.95,2808.44,2872.0,2792.8099999999995,340463988,0.02,8.96,9.93,2.41,101,24882,1505,1.29,82.44,58.04,984.25,179.48,6837,1.81,16,60.77,3771,2000
2000-12-04,S&P 500,2476.21,2483.3,2507.6200000000003,2467.3,332973047,-0.21,6.91,13.8,3.38,103,18948,4345,1.29,113.31,135.83,2229.19,324.88,9828,4.88,9,22.37,4700,2000
2000-12-05,NASDAQ,1484.1,1525.06,1548.19,1441.14,172107590,-2.73,2.59,9.57,5.16,91,12334,2589,1.12,140.35,21.01,1887.6,479.23,6695,9.6,20,70.69,13708,2000
2000-12-06,S&P 500,2675.79,2626.41,2715.04,2606.23,34801400,7.15,9.02,4.22,4.12,103,21067,4590,1.47,148.36,79.03,816.2,174.31,5136,5.92,28,11.54,5587,2000
2000-12-07,NASDAQ,4004.71,4035.78,4076.86,3984.78,405682035,6.4,4.29,13.88,6.84,101,20178,3536,1.41,139.89,72.28,2473.44,202.4,8731,8.54,28,34.03,3011,2000
2000-12-08,Dow Jones,1284.03,1328.87,1356.59,1275.54,440142915,2.27,8.14,10.86,9.76,62,4355,105,1.41,92.04,137.35,1055.89,497.2,2146,9.37,19,77.33,5993,2000
2000-12-09,S&P 500,1320.72,1279.85,1329.71,1260.7,280977258,3.07,3.89,11.09,6.26,81,13869,2681,1.04,90.85,81.4,1474.6,457.03,2294,0.87,14,83.12,1518,2000
2000-12-10,S&P 500,2419.09,2385.23,2442.48,2341.65,984297575,-4.11,8.51,14.81,7.35,115,3251,319,1.1,107.53,74.33,851.46,319.82,9177,1.62,1,34.59,4582,2000
2000-12-11,S&P 500,4766.9,4812.969999999999,4861.369999999999,4748.74,538674981,3.33,6.37,2.98,1.34,107,28709,3018,1.09,95.78,103.15,1326.18,377.9,8589,2.91,32,20.75,5163,2000
2000-12-12,S&P 500,3674.29,3678.04,3715.69,3626.71,495271864,6.87,1.41,7.57,6.46,88,1224,111,1.11,127.32,68.85,1766.15,277.22,6613,6.17,11,95.82,2052,2000
2000-12-13,NASDAQ,3714.68,3666.1,3755.24,3618.78,418328413,3.61,6.5,5.11,4.81,76,9945,2942,1.42,85.92,89.75,2382.45,261.64,993,0.62,12,76.13,10393,2000
2000-12-14,S&P 500,2447.68,2423.44,2449.32,2416.2000000000003,894455497,-1.02,1.91,10.2,8.91,103,9869,557,0.97,111.06,144.22,2483.62,277.28,7500,7.87,43,80.73,2130,2000
2000-12-15,Dow Jones,3374.64,3369.63,3398.03,3360.76,266850333,5.01,4.12,12.49,4.19,92,9988,2372,1.36,99.62,46.34,1519.71,265.77,759,0.64,43,22.35,11026,2000
2000-12-16,Dow Jones,1040.52,1059.81,1092.14,997.39,11142310,0.42,1.7,14.56,6.95,101,8549,266,1.16,121.68,79.66,1527.91,370.22,223,1.58,38,42.5,1078,2000
2000-12-17,S&P 500,3544.38,3567.7000000000003,3609.2,3524.74,788614726,3.17,0.22,7.91,2.67,63,13857,2073,0.97,135.79,22.0,1072.58,232.18,347,3.82,38,6.91,861,2000
2000-12-18,Dow Jones,4653.15,4702.69,4705.15,4652.929999999999,184397027,2.31,2.12,12.22,2.96,57,16733,2044,1.17,144.65,129.49,1647.21,168.31,9777,5.58,37,11.03,6253,2000
2000-12-19,S&P 500,3450.29,3429.04,3492.91,3415.35,898289634,0.72,5.36,13.92,4.07,84,25970,2295,0.94,147.47,31.96,2398.14,382.63,1505,8.82,44,22.17,6006,2000
2000-12-20,S&P 500,4494.79,4498.61,4526.03,4464.91,944054758,5.78,4.82,10.88,3.39,67,19383,4231,0.88,104.58,32.32,1081.17,112.52,7203,9.64,20,30.39,234,2000
2000-12-21,Dow Jones,3895.89,3899.22,3909.09,3855.93,773239779,8.26,5.01,5.16,2.91,104,1829,3928,1.39,139.91,134.77,1253.0,387.5,1229,8.85,40,99.72,2720,2000
2000-12-22,S&P 500,1482.23,1472.79,1498.09,1466.12,199231916,-4.92,2.48,9.9,0.97,101,27550,4837,1.29,121.44,73.21,2315.24,205.3,4873,1.07,15,42.27,2673,2000
2000-12-23,Dow Jones,4609.81,4576.7300000000005,4623.910000000001,4571.200000000001,505328467,9.0,6.85,14.61,8.45,98,22001,339,0.94,128.46,109.35,1864.93,176.1,9765,6.31,33,69.82,2405,2000
2000-12-24,NASDAQ,1265.78,1313.53,1340.07,1219.68,547854448,2.67,7.04,14.84,1.11,57,19511,1016,1.46,139.58,131.52,1361.86,251.58,6813,4.42,26,90.45,13817,2000
2000-12-25,S&P 500,3135.87,3171.2,3173.78,3098.31,79191199,5.51,3.58,10.35,8.93,86,13038,3052,0.82,89.11,68.68,2181.67,147.0,2627,1.26,42,24.68,6687,2000
2000-12-26,NASDAQ,1568.55,1568.38,1576.48,1538.89,731413626,7.83,8.81,13.53,1.69,115,19334,3538,1.03,146.32,54.0,985.24,253.8,7125,5.55,2,14.56,2448,2000
2000-12-27,Dow Jones,1046.83,1057.15,1097.78,1008.37,553195814,2.01,6.44,4.6,1.12,90,14553,955,0.82,118.32,42.04,2259.2,140.93,568,3.57,8,24.4,8055,2000
2000-12-28,NASDAQ,2688.14,2660.87,2694.77,2639.43,263620848,7.52,7.13,5.2,5.85,76,28044,2764,0.9,103.52,98.93,1680.6,293.4,6609,3.46,43,88.25,5245,2000
2000-12-29,NASDAQ,2180.16,2184.54,2196.21,2142.24,907047011,-2.34,2.77,14.39,5.27,69,15035,3338,0.93,103.71,52.8,2086.79,170.47,7001,0.94,33,66.6,5662,2000
2000-12-30,Dow Jones,2944.0,2963.5,2986.17,2925.41,273057514,-2.61,0.01,3.76,5.17,87,9861,653,1.37,132.57,102.46,1681.27,152.0,5121,9.79,18,45.19,5210,2000
2000-12-31,NASDAQ,3308.8,3310.32,3336.1800000000003,3296.6000000000004,896031933,4.86,8.65,4.48,5.96,61,7557,2913,1.5,127.51,61.23,1218.66,331.64,2018,7.26,37,82.05,11303,2000
